{"chart":"{\"data\":[{\"line\":{\"color\":\"#3fb950\",\"width\":3},\"marker\":{\"size\":8},\"mode\":\"lines+markers\",\"name\":\"Actual EPS\",\"x\":[\"2020Q1\",\"2020Q2\",\"2020Q3\",\"2020Q4\",\"2021Q1\",\"2021Q2\",\"2021Q3\",\"2021Q4\",\"2022Q1\",\"2022Q2\",\"2022Q3\",\"2022Q4\",\"2023Q1\",\"2023Q2\",\"2023Q3\",\"2023Q4\",\"2024Q1\",\"2024Q2\",\"2024Q3\",\"2024Q4\",\"2025Q1\"],\"y\":{\"dtype\":\"f8\",\"bdata\":\"FK5H4XoU7j9SuB6F61H8PwAAAAAAAA5ArkfhehSu\\u002fz9I4XoUrkf1P65H4XoUrglAAAAAAAAAEUDXo3A9CtcFQHsUrkfhevw\\u002fFK5H4XoUDECuR+F6FK4SQClcj8L1KApAPQrXo3A9AkBcj8L1KFwNQD0K16NwPRJAexSuR+F6CEBSuB6F61H8P3sUrkfheghAZmZmZmZmEEAfhetRuB4HQOF6FK5H4f4\\u002f\"},\"type\":\"scatter\",\"xaxis\":\"x\",\"yaxis\":\"y\"},{\"line\":{\"color\":\"#58a6ff\",\"dash\":\"dot\",\"width\":2},\"marker\":{\"size\":6},\"mode\":\"lines+markers\",\"name\":\"Estimated EPS\",\"x\":[\"2020Q1\",\"2020Q2\",\"2020Q3\",\"2020Q4\",\"2021Q1\",\"2021Q2\",\"2021Q3\",\"2021Q4\",\"2022Q1\",\"2022Q2\",\"2022Q3\",\"2022Q4\",\"2023Q1\",\"2023Q2\",\"2023Q3\",\"2023Q4\",\"2024Q1\",\"2024Q2\",\"2024Q3\",\"2024Q4\",\"2025Q1\"],\"y\":{\"dtype\":\"f8\",\"bdata\":\"H4XrUbge7T8fhetRuB71P1K4HoXrUQRAZmZmZmZm\\u002fj8zMzMzMzPzP9ejcD0K1wNAw\\u002fUoXI\\u002fCD0BSuB6F61ECQFyPwvUoXPs\\u002f7FG4HoXrCUCPwvUoXI8SQKRwPQrXowhA16NwPQrXAUCamZmZmZkLQPYoXI\\u002fC9RFAPQrXo3A9CEDhehSuR+H6P4XrUbgehQdAw\\u002fUoXI\\u002fCD0CPwvUoXI8GQEjhehSuR\\u002f0\\u002f\"},\"type\":\"scatter\",\"xaxis\":\"x\",\"yaxis\":\"y\"},{\"marker\":{\"color\":\"#f0883e\"},\"name\":\"Quarterly Return\",\"opacity\":0.5,\"x\":[\"2020Q1\",\"2020Q2\",\"2020Q3\",\"2020Q4\",\"2021Q1\",\"2021Q2\",\"2021Q3\",\"2021Q4\",\"2022Q1\",\"2022Q2\",\"2022Q3\",\"2022Q4\",\"2023Q1\",\"2023Q2\",\"2023Q3\",\"2023Q4\",\"2024Q1\",\"2024Q2\",\"2024Q3\",\"2024Q4\",\"2025Q1\"],\"y\":{\"dtype\":\"f8\",\"bdata\":\"16NwPQrXA8Cmm8QgsNIiwPMf0m9fV0VAI0p7gy9MGkAOLbKd76cXQAmKH2Pu+jFAqoJRSZ2A9r9Ra5p3nMI1QP5l9+Rhof0\\u002fJXUCmghbMMC8dJMYBNYEwEATYcPTqwJAb4EExY9xHUAgQfFjzF3TPzj4wmSqgCpAV+wvuycvMsDXEvJBz4YoQNIA3gIJih5Axm00gLdgIEDYgXNGlHYcQGfV52or9hbA\"},\"type\":\"bar\",\"xaxis\":\"x\",\"yaxis\":\"y2\"}],\"layout\":{\"template\":{\"data\":{\"histogram2dcontour\":[{\"type\":\"histogram2dcontour\",\"colorbar\":{\"outlinewidth\":0,\"ticks\":\"\"},\"colorscale\":[[0.0,\"#0d0887\"],[0.1111111111111111,\"#46039f\"],[0.2222222222222222,\"#7201a8\"],[0.3333333333333333,\"#9c179e\"],[0.4444444444444444,\"#bd3786\"],[0.5555555555555556,\"#d8576b\"],[0.6666666666666666,\"#ed7953\"],[0.7777777777777778,\"#fb9f3a\"],[0.8888888888888888,\"#fdca26\"],[1.0,\"#f0f921\"]]}],\"choropleth\":[{\"type\":\"choropleth\",\"colorbar\":{\"outlinewidth\":0,\"ticks\":\"\"}}],\"histogram2d\":[{\"type\":\"histogram2d\",\"colorbar\":{\"outlinewidth\":0,\"ticks\":\"\"},\"colorscale\":[[0.0,\"#0d0887\"],[0.1111111111111111,\"#46039f\"],[0.2222222222222222,\"#7201a8\"],[0.3333333333333333,\"#9c179e\"],[0.4444444444444444,\"#bd3786\"],[0.5555555555555556,\"#d8576b\"],[0.6666666666666666,\"#ed7953\"],[0.7777777777777778,\"#fb9f3a\"],[0.8888888888888888,\"#fdca26\"],[1.0,\"#f0f921\"]]}],\"heatmap\":[{\"type\":\"heatmap\",\"colorbar\":{\"outlinewidth\":0,\"ticks\":\"\"},\"colorscale\":[[0.0,\"#0d0887\"],[0.1111111111111111,\"#46039f\"],[0.2222222222222222,\"#7201a8\"],[0.3333333333333333,\"#9c179e\"],[0.4444444444444444,\"#bd3786\"],[0.5555555555555556,\"#d8576b\"],[0.6666666666666666,\"#ed7953\"],[0.7777777777777778,\"#fb9f3a\"],[0.8888888888888888,\"#fdca26\"],[1.0,\"#f0f921\"]]}],\"contourcarpet\":[{\"type\":\"contourcarpet\",\"colorbar\":{\"outlinewidth\":0,\"ticks\":\"\"}}],\"contour\":[{\"type\":\"contour\",\"colorbar\":{\"outlinewidth\":0,\"ticks\":\"\"},\"colorscale\":[[0.0,\"#0d0887\"],[0.1111111111111111,\"#46039f\"],[0.2222222222222222,\"#7201a8\"],[0.3333333333333333,\"#9c179e\"],[0.4444444444444444,\"#bd3786\"],[0.5555555555555556,\"#d8576b\"],[0.6666666666666666,\"#ed7953\"],[0.7777777777777778,\"#fb9f3a\"],[0.8888888888888888,\"#fdca26\"],[1.0,\"#f0f921\"]]}],\"surface\":[{\"type\":\"surface\",\"colorbar\":{\"outlinewidth\":0,\"ticks\":\"\"},\"colorscale\":[[0.0,\"#0d0887\"],[0.1111111111111111,\"#46039f\"],[0.2222222222222222,\"#7201a8\"],[0.3333333333333333,\"#9c179e\"],[0.4444444444444444,\"#bd3786\"],[0.5555555555555556,\"#d8576b\"],[0.6666666666666666,\"#ed7953\"],[0.7777777777777778,\"#fb9f3a\"],[0.8888888888888888,\"#fdca26\"],[1.0,\"#f0f921\"]]}],\"mesh3d\":[{\"type\":\"mesh3d\",\"colorbar\":{\"outlinewidth\":0,\"ticks\":\"\"}}],\"scatter\":[{\"fillpattern\":{\"fillmode\":\"overlay\",\"size\":10,\"solidity\":0.2},\"type\":\"scatter\"}],\"parcoords\":[{\"type\":\"parcoords\",\"line\":{\"colorbar\":{\"outlinewidth\":0,\"ticks\":\"\"}}}],\"scatterpolargl\":[{\"type\":\"scatterpolargl\",\"marker\":{\"colorbar\":{\"outlinewidth\":0,\"ticks\":\"\"}}}],\"bar\":[{\"error_x\":{\"color\":\"#2a3f5f\"},\"error_y\":{\"color\":\"#2a3f5f\"},\"marker\":{\"line\":{\"color\":\"#E5ECF6\",\"width\":0.5},\"pattern\":{\"fillmode\":\"overlay\",\"size\":10,\"solidity\":0.2}},\"type\":\"bar\"}],\"scattergeo\":[{\"type\":\"scattergeo\",\"marker\":{\"colorbar\":{\"outlinewidth\":0,\"ticks\":\"\"}}}],\"scatterpolar\":[{\"type\":\"scatterpolar\",\"marker\":{\"colorbar\":{\"outlinewidth\":0,\"ticks\":\"\"}}}],\"histogram\":[{\"marker\":{\"pattern\":{\"fillmode\":\"overlay\",\"size\":10,\"solidity\":0.2}},\"type\":\"histogram\"}],\"scattergl\":[{\"type\":\"scattergl\",\"marker\":{\"colorbar\":{\"outlinewidth\":0,\"ticks\":\"\"}}}],\"scatter3d\":[{\"type\":\"scatter3d\",\"line\":{\"colorbar\":{\"outlinewidth\":0,\"ticks\":\"\"}},\"marker\":{\"colorbar\":{\"outlinewidth\":0,\"ticks\":\"\"}}}],\"scattermap\":[{\"type\":\"scattermap\",\"marker\":{\"colorbar\":{\"outlinewidth\":0,\"ticks\":\"\"}}}],\"scattermapbox\":[{\"type\":\"scattermapbox\",\"marker\":{\"colorbar\":{\"outlinewidth\":0,\"ticks\":\"\"}}}],\"scatterternary\":[{\"type\":\"scatterternary\",\"marker\":{\"colorbar\":{\"outlinewidth\":0,\"ticks\":\"\"}}}],\"scattercarpet\":[{\"type\":\"scattercarpet\",\"marker\":{\"colorbar\":{\"outlinewidth\":0,\"ticks\":\"\"}}}],\"carpet\":[{\"aaxis\":{\"endlinecolor\":\"#2a3f5f\",\"gridcolor\":\"white\",\"linecolor\":\"white\",\"minorgridcolor\":\"white\",\"startlinecolor\":\"#2a3f5f\"},\"baxis\":{\"endlinecolor\":\"#2a3f5f\",\"gridcolor\":\"white\",\"linecolor\":\"white\",\"minorgridcolor\":\"white\",\"startlinecolor\":\"#2a3f5f\"},\"type\":\"carpet\"}],\"table\":[{\"cells\":{\"fill\":{\"color\":\"#EBF0F8\"},\"line\":{\"color\":\"white\"}},\"header\":{\"fill\":{\"color\":\"#C8D4E3\"},\"line\":{\"color\":\"white\"}},\"type\":\"table\"}],\"barpolar\":[{\"marker\":{\"line\":{\"color\":\"#E5ECF6\",\"width\":0.5},\"pattern\":{\"fillmode\":\"overlay\",\"size\":10,\"solidity\":0.2}},\"type\":\"barpolar\"}],\"pie\":[{\"automargin\":true,\"type\":\"pie\"}]},\"layout\":{\"autotypenumbers\":\"strict\",\"colorway\":[\"#636efa\",\"#EF553B\",\"#00cc96\",\"#ab63fa\",\"#FFA15A\",\"#19d3f3\",\"#FF6692\",\"#B6E880\",\"#FF97FF\",\"#FECB52\"],\"font\":{\"color\":\"#2a3f5f\"},\"hovermode\":\"closest\",\"hoverlabel\":{\"align\":\"left\"},\"paper_bgcolor\":\"white\",\"plot_bgcolor\":\"#E5ECF6\",\"polar\":{\"bgcolor\":\"#E5ECF6\",\"angularaxis\":{\"gridcolor\":\"white\",\"linecolor\":\"white\",\"ticks\":\"\"},\"radialaxis\":{\"gridcolor\":\"white\",\"linecolor\":\"white\",\"ticks\":\"\"}},\"ternary\":{\"bgcolor\":\"#E5ECF6\",\"aaxis\":{\"gridcolor\":\"white\",\"linecolor\":\"white\",\"ticks\":\"\"},\"baxis\":{\"gridcolor\":\"white\",\"linecolor\":\"white\",\"ticks\":\"\"},\"caxis\":{\"gridcolor\":\"white\",\"linecolor\":\"white\",\"ticks\":\"\"}},\"coloraxis\":{\"colorbar\":{\"outlinewidth\":0,\"ticks\":\"\"}},\"colorscale\":{\"sequential\":[[0.0,\"#0d0887\"],[0.1111111111111111,\"#46039f\"],[0.2222222222222222,\"#7201a8\"],[0.3333333333333333,\"#9c179e\"],[0.4444444444444444,\"#bd3786\"],[0.5555555555555556,\"#d8576b\"],[0.6666666666666666,\"#ed7953\"],[0.7777777777777778,\"#fb9f3a\"],[0.8888888888888888,\"#fdca26\"],[1.0,\"#f0f921\"]],